{"cameraMode":{"drawMode":0,"name":"Shaded","section":"Shading Mode"},"sceneLighting":true,"audioPlay":false,"sceneViewState":{"m_AlwaysRefresh":false,"showFog":true,"showSkybox":true,"showFlares":true,"showImageEffects":true,"showParticleSystems":true,"showVisualEffectGraphs":true,"m_FxEnabled":true},"in2DMode":false,"pivot":{"x":13.252323150634766,"y":3.9069957733154299,"z":-53.892539978027347},"rotation":{"x":0.03490821272134781,"y":0.9640946984291077,"z":-0.20731249451637269,"w":0.16231966018676759},"size":35.775169372558597,"orthographic":false}